  {
  "harms": [
    1706.89
  ],
  "funds": [
    1659.045
  ],
  "corrs": [
    1659.0446
  ],
  "rots": [
    [
      6.221176499997,
      0.0,
      0.0
    ],
    [
      6.068909499997,
      0.0,
      0.0
    ]
  ]
}
