{
    "phij":       0.000000460285,
    "phijk":      -0.000002968684,
    "phikj":      -0.000007511876,
    "phik":       0.000069612356,
    "sphij":       0.000000228003,
    "sphijk":      -0.000000584014,
    "sphik":       0.000011285097
}
