{
    "phij":       0.000000000003,
    "phijk":       0.000000000888,
    "phikj":      -0.000000001816,
    "phik":       0.000000125999,
    "sphij":       0.000000000001,
    "sphijk":       0.000000000475,
    "sphik":       0.000000039304
}
